UNITID,INSTNM_IPEDS,CITY,STABBR,INSTNM_SCORECARD,CONTROL,_merge
100733,University of Alabama System Office,Tuscaloosa,AL,,,left_only
103529,University of Alaska System of Higher Education,Fairbanks,AK,,,left_only
105136,Maricopa Community College System Office,Tempe,AZ,,,left_only
105367,Ottawa University-Phoenix,Phoenix,AZ,,,left_only
106360,Arthur's Beauty College,Fort Smith,AR,,,left_only
106892,Eastern College of Health Vocations-Little Rock,Little Rock,AR,,,left_only
108056,University of Arkansas System Office,Little Rock,AR,,,left_only
109086,American Conservatory Theater,San Francisco,CA,,,left_only
109730,Associated Technical College-San Diego,San Diego,CA,,,left_only
110501,California State University-Chancellors Office,Long Beach,CA,,,left_only
110918,California Christian College,Fresno,CA,,,left_only
112376,Coast Community College District Office,Costa Mesa,CA,,,left_only
112817,Contra Costa Community College District Office,Martinez,CA,,,left_only
113537,Dell'Arte International School of Physical Theatre,Blue Lake,CA,,,left_only
114123,Empire College,Santa Rosa,CA,,,left_only
114831,Foothill-De Anza Community College District,Los Altos Hills,CA,,,left_only
115287,Grossmont-Cuyamaca Community College District,El Cajon,CA,,,left_only
115728,Holy Names University,Oakland,CA,,,left_only
116350,International School of Cosmetology,Los Angeles,CA,,,left_only
117681,Los Angeles Community College District Office,Los Angeles,CA,,,left_only
117900,Los Rios Community College District Office,Sacramento,CA,,,left_only
118541,Marymount California University,Rancho Palos Verdes,CA,,,left_only
118888,Mills College at Northeastern University,Oakland,CA,,,left_only
120023,North Orange County Community College District,Anaheim,CA,,,left_only
121178,Peralta Community College System Office,Oakland,CA,,,left_only
121275,Platt College-San Diego,San Diego,CA,,,left_only
122320,San Diego Community College District-District Office,San Diego,CA,,,left_only
122454,San Francisco Art Institute,San Francisco,CA,,,left_only
122737,San Jose-Evergreen Community College District,San Jose,CA,,,left_only
122782,San Mateo County Community College District Office,San Mateo,CA,,,left_only
122834,Santa Barbara Business College-Bakersfield,Bakersfield,CA,,,left_only
123925,State Center Community College District,Fresno,CA,,,left_only
124557,University of California-System Administration Central Office,Oakland,CA,,,left_only
125019,Ventura County Community College System Office,Camarillo,CA,,,left_only
125222,West Valley Mission Community College District Office,Saratoga,CA,,,left_only
126100,Yosemite Community College District Office,Modesto,CA,,,left_only
126164,The Salon Professional Academy-Grand Junction,Grand Junction,CO,,,left_only
128300,University of Colorado System Office,Denver,CO,,,left_only
129428,Rensselaer at Hartford,Hartford,CT,,,left_only
130110,Paier College,Bridgeport,CT,,,left_only
130509,Stone Academy-West Haven,West Haven,CT,,,left_only
130882,Delaware Technical Community College-Central Office,Dover,DE,,,left_only
133942,Florida Institute of Ultrasound Inc,Pensacola,FL,,,left_only
133997,Florida Career College-Miami,Miami,FL,,,left_only
134811,AI Miami International University of Art and Design,Miami,FL,,,left_only
135610,Trinity International University-Florida,Miami,FL,,,left_only
137801,Altierus Career College-Tampa,Tampa,FL,,,left_only
138813,The Art Institute of Atlanta,Atlanta,GA,,,left_only
141015,The Creative Circus,Atlanta,GA,,,left_only
141963,University of Hawaii System Office,Honolulu,HI,,,left_only
142416,Mr Leon's School of Hair Design-Moscow,Moscow,ID,,,left_only
142887,American Academy of Art College,Chicago,IL,,,left_only
143482,Cannella School of Hair Design-Chicago,Chicago,IL,,,left_only
144500,City Colleges of Chicago-District Office,Chicago,IL,,,left_only
144777,DeVry University-Administrative Office,Naperville,IL,,,left_only
146667,Lincoln Christian University,Lincoln,IL,,,left_only
146676,Lincoln College,Lincoln,IL,,,left_only
148955,National Latino Education Institute,Chicago,IL,,,left_only
149240,Southern Illinois University-System Office,Carbondale,IL,,,left_only
149499,Tri-County Beauty Academy,LITCHFIELD,IL,,,left_only
149587,University of Illinois System Offices,Urbana,IL,,,left_only
149763,Oak Point University,Oak Brook,IL,,,left_only
153621,Iowa Wesleyan University,Mount Pleasant,IA,,,left_only
154165,Iowa School of Beauty-Ottumwa,Ottumwa,IA,,,left_only
156277,Barrett and Company School of Hair Design,Nicholasville,KY,,,left_only
157854,Kentucky Community and Technical College System,Versailles,KY,,,left_only
158343,Baton Rouge School of Computers,Baton Rouge,LA,,,left_only
160117,Pat Goins Benton Road Beauty School,Shreveport,LA,,,left_only
160533,Southern University-Board and System,Baton Rouge,LA,,,left_only
161280,University of Maine-System Central Office,Orono,ME,,,left_only
164146,University System of Maryland,Baltimore,MD,,,left_only
164641,Bay State College,Boston,MA,,,left_only
164845,Empire Beauty School-Boston,Boston,MA,,,left_only
165556,Lincoln Technical Institute-Somerville,Somerville,MA,,,left_only
166665,University of Massachusetts-Central Office,Boston,MA,,,left_only
167455,Pine Manor College,Chestnut Hill,MA,,,left_only
172440,Finlandia University,Hancock,MI,,,left_only
173470,Cosmetology Careers Unlimited College of Hair Skin and Nails,Duluth,MN,,,left_only
173805,Minnesota North College - Itasca,Grand Rapids,MN,,,left_only
173993,Minnesota North College - Mesabi Range Virginia,Virginia,MN,,,left_only
174604,Minnesota North College - Rainy River,International Falls,MN,,,left_only
175157,Minnesota North College - Vermilion,Ely,MN,,,left_only
175999,Board of Trustees-Mississippi State Institutions of Higher Learning,Jackson,MS,,,left_only
177870,Lake Career and Technical Center,Camdenton,MO,,,left_only
178004,Lutheran School of Nursing,Saint Louis,MO,,,left_only
178439,University of Missouri-System Office,Columbia,MO,,,left_only
179052,Rolla Technical Institute/Center,Rolla,MO,,,left_only
179229,American College of Hair Design Inc,Sedalia,MO,,,left_only
179256,Saint Louis Christian College,Florissant,MO,,,left_only
180717,Yellowstone Christian College,Billings,MT,,,left_only
181747,University of Nebraska-Central Administration System Office,Lincoln,NE,,,left_only
181941,Career College of Northern Nevada,Sparks,NV,,,left_only
182458,Sierra Nevada University,Incline Village,NV,,,left_only
182519,Nevada System of Higher Education-System Office,Reno,NV,,,left_only
182917,Magdalen College,Warner,NH,,,left_only
182953,Michael's School of Hair Design & Esthetics,Bedford,NH,,,left_only
182999,New England School of Hair Design,West Lebanon,NH,,,left_only
183327,University System of New Hampshire System Office,Concord,NH,,,left_only
183822,Bloomfield College,Bloomfield,NJ,,,left_only
185174,Joe Kubert School of Cartoon and Graphic Art,Dover,NJ,,,left_only
188696,Joffrey Ballet School,New York,NY,,,left_only
189848,Cazenovia College,Cazenovia,NY,,,left_only
190035,CUNY System Office,New York,NY,,,left_only
191320,The General Theological Seminary,New York,NY,,,left_only
192509,Long Island Business Institute,Flushing,NY,,,left_only
192925,Medaille University,Buffalo,NY,,,left_only
193186,Midway Paris Beauty School,Ridgewood,NY,,,left_only
193672,The New School Center for Media,New York,NY,,,left_only
194161,Alliance University,New York,NY,,,left_only
195234,The College of Saint Rose,Albany,NY,,,left_only
195827,SUNY-System Office,Albany,NY,,,left_only
197230,Wells College,Aurora,NY,,,left_only
199175,University of North Carolina System,Chapel Hill,NC,,,left_only
201751,Chatfield College,Saint Martin,OH,,,left_only
203289,International College of Broadcasting,Dayton,OH,,,left_only
203331,Eastern Gateway Community College,Steubenville,OH,,,left_only
204468,Notre Dame College,Cleveland,OH,,,left_only
205559,Hussian College-Daymar College Columbus,Columbus,OH,,,left_only
206279,Union Institute & University,Cincinnati,OH,,,left_only
206817,Bacone College,Muskogee,OK,,,left_only
209287,Multnomah University,Portland,OR,,,left_only
210340,College of Cosmetology,Klamath Falls,OR,,,left_only
211158,Bloomsburg University of Pennsylvania,Bloomsburg,PA,,,left_only
211352,Cabrini University,Radnor,PA,,,left_only
211361,California University of Pennsylvania,California,PA,,,left_only
211644,Clarion University of Pennsylvania,Clarion,PA,,,left_only
212160,Edinboro University of Pennsylvania,Edinboro,PA,,,left_only
212443,Evangelical Theological Seminary,Myerstown,PA,,,left_only
212993,Hussian College-Philadelphia,Philadelphia,PA,,,left_only
213613,Lock Haven University,Lock Haven,PA,,,left_only
213783,Mansfield University of Pennsylvania,Mansfield,PA,,,left_only
214661,Pennsylvania State System of Higher Education-Central Office,Harrisburg,PA,,,left_only
215105,The University of the Arts,Philadelphia,PA,,,left_only
215132,University of the Sciences,Philadelphia,PA,,,left_only
215336,Beaver Falls Beauty Academy,Beaver Falls,PA,,,left_only
215415,Pittsburgh Technical College,Oakdale,PA,,,left_only
215983,Sharon Regional School of Nursing,Sharon,PA,,,left_only
216782,Pittsburgh Career Institute,Pittsburgh,PA,,,left_only
219295,Presentation College,Aberdeen,SD,,,left_only
220002,Hussian College-Daymar College Nashville,Nashville,TN,,,left_only
222497,Alamo Community College District Central Office,San Antonio,TX,,,left_only
222938,The Art Institute of Houston,Houston,TX,,,left_only
224776,Miami International University of Art & Design-Art Institute Dallas,Dallas,TX,,,left_only
226125,Laredo Beauty College Inc,Laredo,TX,,,left_only
228732,Texas A & M University-System Office,College Station,TX,,,left_only
229090,The University of Texas System Office,Austin,TX,,,left_only
229407,University of Houston-System Administration,Houston,TX,,,left_only
230056,Broadview College,West Jordan,UT,,,left_only
231156,Vermont State Colleges-Office of the Chancellor,Montpelier,VT,,,left_only
231721,Allegiance Beauty School,Norfolk,VA,,,left_only
235158,Paroba College of Cosmetology,Everett,WA,,,left_only
235307,Glen Dow Academy of Hair Design,Spokane,WA,,,left_only
237118,Alderson Broaddus University,Philippi,WV,,,left_only
237598,Mountain State College,Parkersburg,WV,,,left_only
238430,Cardinal Stritch University,Milwaukee,WI,,,left_only
239637,Sacred Heart Seminary and School of Theology,Franklin,WI,,,left_only
240435,University of Wisconsin-System Administration,Madison,WI,,,left_only
241100,American University of Puerto Rico,Bayamon,PR,,,left_only
241128,American University of Puerto Rico,Manati,PR,,,left_only
242060,Sistema Universitario Ana G. Mendez,Rio Piedras,PR,,,left_only
242413,Richport Technical College,Baton Rouge,LA,,,left_only
242565,Instituto Tecnologico de Puerto Rico-Recinto de Ponce,Ponce,PR,,,left_only
242671,Inter American University of Puerto Rico-Central Office,San Juan,PR,,,left_only
242750,International Technical College,San Juan,PR,,,left_only
243160,University of Puerto Rico-Central Administration,San Juan,PR,,,left_only
246345,Houston Graduate School of Theology,Houston,TX,,,left_only
247083,University of Louisiana-System Administration,Baton Rouge,LA,,,left_only
247737,Mississippi Community College Board,Jackson,MS,,,left_only
247825,Austin Graduate School of Theology,Austin,TX,,,left_only
260336,Clinton Technical School,Clinton,MO,,,left_only
260992,Northwestern College,Oak Lawn,IL,,,left_only
261861,West Virginia Junior College-United Career Institute,Mount Braddock,PA,,,left_only
262022,Bethel Seminary-San Diego,San Diego,CA,,,left_only
262402,California Career School,Anaheim,CA,,,left_only
362782,Elizabeth Grady School of Esthetics and Massage Therapy,Medford,MA,,,left_only
363077,Capri Institute of Hair Design-Clifton,Clifton,NJ,,,left_only
364751,Eastern College of Health Vocations-New Orleans,New Orleans,LA,,,left_only
366289,InterCoast Colleges-Santa Ana,Santa Ana,CA,,,left_only
366438,Blades School of Hair Design,California,MD,,,left_only
366605,Southwest Acupuncture College-Santa Fe,Santa Fe,NM,,,left_only
367051,Hairmasters Institute of Cosmetology,Bloomington,IL,,,left_only
367334,National Tractor Trailer School Inc-Liverpool,Liverpool,NY,,,left_only
368443,Hussian College-Daymar College Clarksville,Clarksville,TN,,,left_only
368540,Seguin Beauty School-New Braunfels,New Braunfels,TX,,,left_only
369109,Alliance Career Center,Alliance,OH,,,left_only
369695,Sebring Career Schools-Houston,Houston,TX,,,left_only
372718,Sunstate Academy,Clearwater,FL,,,left_only
375106,National Tractor Trailer School Inc-Buffalo,Buffalo,NY,,,left_only
375540,Toledo Academy of Beauty Culture-East,OREGON,OH,,,left_only
388663,Inner State Beauty School,Lyndhurst,OH,,,left_only
393524,Alhambra Beauty College,Alhambra,CA,,,left_only
404480,University System of Maryland-Research Centers,Baltimore,MD,,,left_only
404994,ASA College,Brooklyn,NY,,,left_only
406547,City College-Gainesville,Gainesville,FL,,,left_only
407391,Capri Institute of Hair Design-Brick,Brick,NJ,,,left_only
407407,Capri Institute of Hair Design-Kenilworth,Kenilworth,NJ,,,left_only
407425,Capri Institute of Hair Design-Paramus,Paramus,NJ,,,left_only
407595,Trumbull Career & Technical Center,Warren,OH,,,left_only
408729,Laurel Technical Institute,MEADVILLE,PA,,,left_only
409379,Tennessee Board of Regents,Nashville,TN,,,left_only
413778,Stone Academy-Waterbury,Waterbury,CT,,,left_only
413945,Toni & Guy Hairdressing Academy-Atlanta,Marietta,GA,,,left_only
417248,CT Aerotech,Hartford,CT,,,left_only
417275,Stratford School for Aviation Maintenance Technicians,Stratford,CT,,,left_only
418056,Ulster BOCES-School of Practical Nursing,Port Ewen,NY,,,left_only
418126,New York College of Health Professions,Syosset,NY,,,left_only
418542,Lebanon County Area Vocational Technical School,Lebanon,PA,,,left_only
418764,Quality Technical and Beauty College,Bayamon,PR,,,left_only
419332,Forbes Road Career and Technology Center,Monroeville,PA,,,left_only
420802,Arizona Board of Regents,Phoenix,AZ,,,left_only
421832,Living Arts College,Raleigh,NC,,,left_only
427982,Centura College-Richmond Main,North Chesterfield,VA,,,left_only
428426,San Bernardino Community College District,San Bernardino,CA,,,left_only
428453,Minnesota State Colleges and Universities System Office,ST PAUL,MN,,,left_only
429012,L3Harris Flight Academy,Sanford,FL,,,left_only
431169,Garnet Career Center,Charleston,WV,,,left_only
431187,Bristol Technical Education Center,Bristol,CT,,,left_only
432144,South Orange County Community College District,Mission Viejo,CA,,,left_only
432524,Delaware College of Art and Design,Wilmington,DE,,,left_only
434539,City College-Miami,Miami,FL,,,left_only
436003,Central Career Institute LLC,South Plainfield,NJ,,,left_only
436261,Southwest Acupuncture College-Boulder,Boulder,CO,,,left_only
437316,Linfield University-School of Nursing,Portland,OR,,,left_only
437325,Linfield University-Online and Continuing Education,McMinnville,OR,,,left_only
438498,Stratford University,Alexandria,VA,,,left_only
438665,Rancho Santiago Community College District Office,Santa Ana,CA,,,left_only
439154,Texas Tech University System Administration,Lubbock,TX,,,left_only
439507,Quest College,San Antonio,TX,,,left_only
439686,International Training Careers,Miami,FL,,,left_only
440138,Antioch University-System Administration,Yellow Springs,OH,,,left_only
440217,Huntingdon County Career and Technology Center,Mill Creek,PA,,,left_only
440226,Missouri College of Cosmetology North,Springfield,MO,,,left_only
440749,National American University-Ellsworth,Box Elder,SD,,,left_only
441168,Northwest College-Hillsboro,Hillsboro,OR,,,left_only
441548,Institute for Therapeutic Massage,HASKELL,NJ,,,left_only
442213,Birthwise Midwifery School,Bridgton,ME,,,left_only
442930,University of Antelope Valley,Lancaster,CA,,,left_only
442949,Birthingway College of Midwifery,Beaverton,OR,,,left_only
443128,International Technological University,Santa Clara,CA,,,left_only
443368,Illinois Eastern Community College-System Office,Olney,IL,,,left_only
443711,University of North Texas System,Dallas,TX,,,left_only
443748,Altierus Career College-Norcross,Norcross,GA,,,left_only
444255,Hussian College-Daymar College Murfreesboro,Murfreesboro,TN,,,left_only
444796,Omnitech Institute,EAST POINT,GA,,,left_only
445461,Altierus Career College-Bissonnet,Houston,TX,,,left_only
446394,Maple Springs Baptist Bible College and Seminary,Capitol Heights,MD,,,left_only
446455,Precision Manufacturing Institute,Meadville,PA,,,left_only
446589,Universal Career School,Sweetwater,FL,,,left_only
446978,Colorado State University-System Office,Denver,CO,,,left_only
447458,SAE Expression College,Emeryville,CA,,,left_only
447874,CDA Technical Institute,Jacksonville,FL,,,left_only
447971,Hair Expressions Academy,Rockville,MD,,,left_only
448044,Institute of Professional Careers,Las Vegas,NV,,,left_only
448336,Arkansas State University System,Little Rock,AR,,,left_only
448354,Eastern International College-Belleville,Belleville,NJ,,,left_only
448381,San Joaquin Valley College-Central Administrative Office,Visalia,CA,,,left_only
448619,Stone Academy-East Hartford,East Hartford,CT,,,left_only
448637,West Hills Community College District,Coalinga,CA,,,left_only
449038,Strayer University-Florida,Tampa,FL,,,left_only
449597,Ideal Beauty Academy,Jeffersonville,IN,,,left_only
449719,Northcoast Medical Training Academy,Kent,OH,,,left_only
450021,Blue Cliff College-Houma,Houma,LA,,,left_only
450119,Blue Cliff College-Fayetteville,Fayetteville,AR,,,left_only
450298,Strayer University-Delaware,Wilmington,DE,,,left_only
450377,Strayer University-Alabama,Birmingham,AL,,,left_only
450702,Carrington College-Citrus Heights,Citrus Heights,CA,,,left_only
451121,Paul Mitchell the School-Miami,Miami,FL,,,left_only
451264,Millennium Training Institute,Woburn,MA,,,left_only
451459,Monroe 2 Orleans BOCES-Center for Workforce Development,Rochester,NY,,,left_only
451741,CEM College-Bayamon,Bayamón,PR,,,left_only
451820,The Art Institute of Austin,Bastrop,TX,,,left_only
452540,Community Technology Learning Center of Portage,Ravenna,OH,,,left_only
453163,Strayer University-North Carolina,Greensboro,NC,,,left_only
453215,Strayer University-New Jersey,Piscataway,NJ,,,left_only
454184,The King's College,New York,NY,,,left_only
454218,Chamberlain University-Administrative Office,Chicago,IL,,,left_only
454458,Bryan University,Rogers,AR,,,left_only
454616,Institute of Production and Recording,Minneapolis,MN,,,left_only
455558,Dorsey College-Roseville,Roseville,MI,,,left_only
456621,Strayer University-West Virginia,Scott Depot,WV,,,left_only
457554,Innovations Design Academy,Canton,IL,,,left_only
457688,American Business and Technology University,St Joseph,MO,,,left_only
457721,Bitterroot School of Cosmetology,Hamilton,MT,,,left_only
457998,Aiken School of Cosmetology and Barbering,Aiken,SC,,,left_only
458423,European Massage Therapy School-Las Vegas,Las Vegas,NV,,,left_only
458496,The Art Institute of Virginia Beach,Virginia Beach,VA,,,left_only
458885,Strayer University-Arkansas,Little Rock,AR,,,left_only
458955,Strayer University-Mississippi,Jackson,MS,,,left_only
458964,Strayer University-South Carolina,Greenville,SC,,,left_only
458982,The Art Institute of San Antonio,San Antonio,TX,,,left_only
459125,All Beauty College,Bullhead City,AZ,,,left_only
459189,Cosmo Beauty Academy,Sacramento,CA,,,left_only
459310,Future-Tech Institute,Miami,FL,,,left_only
459417,Compass College of Film and Media,Grand Rapids,MI,,,left_only
459462,SAE Institute of Technology-New York,New York,NY,,,left_only
459499,Sage School of Massage & Esthetics,Bend,OR,,,left_only
460376,Fairfax University of America,Fairfax,VA,,,left_only
460516,Milan Institute of Cosmetology-La Quinta,La Quinta,CA,,,left_only
460525,Milan Institute-Boise,Boise,ID,,,left_only
460738,American Sentinel College of Nursing and Health Sciences,Waterbury,CT,,,left_only
461591,Paul Mitchell the School-Honolulu,Honolulu,HI,,,left_only
461643,Bergin University of Canine Studies,Penngrove,CA,,,left_only
462345,The Salon Professional Academy,Plainfield,IL,,,left_only
467368,Carrington College-Ontario,Ontario,CA,,,left_only
467872,Paul Mitchell the School-Charleston,North Charleston,SC,,,left_only
468291,San Joaquin Valley College-Hanford Classroom,Hanford,CA,,,left_only
469957,Aveda Institute-Los Angeles,Los Angeles,CA,,,left_only
475237,The University of America,Temecula,CA,,,left_only
475413,Panache Academy of Beauty,Baraboo,WI,,,left_only
475635,Beverly Hills Design Institute,Beverly Hills,CA,,,left_only
475750,Carrington College-Mesquite,Mesquite,TX,,,left_only
476294,Paul Mitchell the School-Ogden,Ogden,UT,,,left_only
476513,Flair Beauty College,Valencia,CA,,,left_only
476948,SAE Institute of Technology-Atlanta,Atlanta,GA,,,left_only
476957,Academy di Firenze,Jerome,ID,,,left_only
476966,SAE Institute of Technology-Miami,North Miami Beach,FL,,,left_only
479983,Elevate Salon Institute-Westminster,Westminster,CO,,,left_only
480028,Digital Film Academy,New York,NY,,,left_only
480347,International School of Cosmetology,Scottsdale,AZ,,,left_only
480693,Columbia Institute,Silver Spring,MD,,,left_only
480912,Gemini School of Visual Arts & Communication,Austin,TX,,,left_only
481322,Southern Texas Careers Academy,McAllen,TX,,,left_only
481508,Paul Mitchell the School-Jersey Shore,Brick,NJ,,,left_only
482440,DeVry University-Colorado,Westminster,CO,,,left_only
482486,DeVry University-Indiana,Merrillville,IN,,,left_only
482538,DeVry University-Missouri,Kansas City,MO,,,left_only
482565,DeVry University-North Carolina,Charlotte,NC,,,left_only
482608,DeVry University-Pennsylvania,Ft. Washington,PA,,,left_only
482617,DeVry University-Tennessee,Nashville,TN,,,left_only
483443,California Technical Academy,Riverside,CA,,,left_only
484039,McDougle Technical  Institute,Pompano Beach,FL,,,left_only
484710,University of Phoenix-Nevada,Las Vegas,NV,,,left_only
484835,CEM College-Mayaguez,Mayaguez,PR,,,left_only
485139,SAE Institute of Technology-Chicago,Chicago,IL,,,left_only
485306,All Beauty College,Kingman,AZ,,,left_only
485467,Carrington College-Administrative Office,Sacramento,CA,,,left_only
486105,Professional Academy of Cosmetology,Norristown,PA,,,left_only
486309,Bella Academy of Cosmetology,Manitowoc,WI,,,left_only
486354,United International College,Miramar,FL,,,left_only
486460,Wright Graduate University for the Realization of Human Potential,Elkhorn,WI,,,left_only
486594,Wave Leadership College,Virginia Beach,VA,,,left_only
486868,All Beauty College,Lake Havasu City,AZ,,,left_only
486965,Hussian College-Los Angeles,Los Angeles,CA,,,left_only
487384,Florida Career College-Pembroke Pines,Pembroke Pines,FL,,,left_only
487393,Florida Career College-West Palm Beach,West Palm Beach,FL,,,left_only
487409,Florida Career College-Hialeah,Hialeah,FL,,,left_only
487418,Florida Career College-Lauderdale Lakes,Lauderdale Lakes,FL,,,left_only
487427,Florida Career College-Tampa,Tampa,FL,,,left_only
487436,Florida Career College-Jacksonville,Jacksonville,FL,,,left_only
487445,Florida Career College-Boynton Beach,Boynton Beach,FL,,,left_only
487454,Florida Career College-Margate,Margate,FL,,,left_only
487472,Florida Career College-Orlando,Orlando,FL,,,left_only
487490,Florida Career College-Houston,Houston,TX,,,left_only
487898,B-Unique Beauty and Barber Academy,Greenville,SC,,,left_only
488068,Huntington University of Health Sciences,Knoxville,TN,,,left_only
488101,Yeshivas Maharit D'Satmar,Monroe,NY,,,left_only
488271,Fosbre Academy of Hair Design,Olympia,WA,,,left_only
488749,Paul Mitchell the School-Jessup,Jessup,MD,,,left_only
488828,Totally Cosmo School of Modern Cosmetology,Broken Bow,OK,,,left_only
490063,Southern States University,San Diego,CA,,,left_only
490212,Baldy View Regional Occupational Program,Ontario,CA,,,left_only
490337,My Beauty & Barber College,Sacramento,CA,,,left_only
490452,Kor Beauty Academy,Peoria,AZ,,,left_only
490461,EduMed Partners,Goodlettsville,TN,,,left_only
490540,Delta Designs Cosmetology School,Wynne,AR,,,left_only
491729,Goshen School of Cosmetology,Cleveland,MS,,,left_only
491932,Installer Institute,Holly Hill,FL,,,left_only
491969,Anousheh School of Hair,Binghamton,NY,,,left_only
492087,The Continents States University,Saint Louis,MO,,,left_only
492157,Houston School of Carpentry,Houston,TX,,,left_only
492263,The University of Tennessee System Office,Knoxville,TN,,,left_only
492379,Lynnes Welding Training-Bismarck,Bismarck,ND,,,left_only
493363,Institute of Lutheran Theology,Brookings,SD,,,left_only
493503,American Fitness and Nutrition Academy,Pasadena,CA,,,left_only
493725,University of Arkansas System eVersity,Little Rock,AR,,,left_only
493734,Careers Institute of America,Dallas,TX,,,left_only
493789,Shear Perfection Academy of Cosmetology,Nashville,TN,,,left_only
494001,Elevate Salon Institute,Durham,NC,,,left_only
494269,National American University-Kings Bay,Kings Bay,GA,,,left_only
494940,California Arts University,Fullerton,CA,,,left_only
494977,American Medical Institute Inc.,Houston,TX,,,left_only
495165,Royal Learning Institute,New York,NY,,,left_only
495396,Royal Learning Institute,Jackson Heights,NY,,,left_only
495767,The Pennsylvania State University,University Park,PA,,,left_only
495916,Pathways College,Pasadena,CA,,,left_only
495925,San Joaquin Valley College-Madera,Madera,CA,,,left_only
495943,San Joaquin Valley College-Atascadero,Atascadero,CA,,,left_only
496061,Mason Anthony School of Cosmetology Arts & Sciences,Columbus,OH,,,left_only
496186,California Institute of Arts & Technology-National City,National City,CA,,,left_only
496292,Miller-Motte College-Chattanooga 2,Chattanooga,TN,,,left_only
496511,United College of Health and Beauty,Englewood,CO,,,left_only
496593,Turing School of Software & Design,Denver,CO,,,left_only
496742,Jolie Hair Academy,Great Falls,VA,,,left_only
497000,Remington College-Knoxville,Knoxville,TN,,,left_only
497091,Bell-Brown Medical Institute,Florissant,MO,,,left_only
497611,Life Safety Institute,Suite 203,NH,,,left_only
497639,Florida Baptist University,Orlando,FL,,,left_only
497657,Hawaii Tokai International College,Kapolei,HI,,,left_only
497709,LLB Phlebotomy Training Center LLC,Romulus,MI,,,left_only
497754,Tidewater Tech - Priority Automotive Tidewater Tech Learning Center,Chesapeake,VA,,,left_only
497763,Phipps Academy of Barbering - Bradley,Bradley,IL,,,left_only
497772,Jersey College - Brooksville,Brooksville,FL,,,left_only
497781,Jersey College - Naples,Naples,FL,,,left_only
497790,Atlantis University-Florida Palms University,Miami,FL,,,left_only
497806,Lynnes Welding Training - Ramsey,Ramsey,MN,,,left_only
497815,Beyond the Bell CPR Training,Romulus,MI,,,left_only
497842,Arizona State University - Northeastern Arizona,Show Low,AZ,,,left_only
497851,Arizona State University - Mesa City Center,Mesa,AZ,,,left_only
497860,Graceland University - North Central Missouri College,Trenton,MO,,,left_only
497879,Huston - Tillotson University - Center for Entrepreneurship and Innova,Austin,TX,,,left_only
497903,Shawnee Beauty College-Academy of Cosmetology & Barbering,Bixby,OK,,,left_only
497967,Goodwin University - Bridgeport Campus,Bridgeport,CT,,,left_only
497976,Chrysm Institute of Esthetics (The) - Hampton,Hampton,VA,,,left_only
497985,Purdue University - Westgate Academy,Odon,IN,,,left_only
497994,Virginia University of Integrative Medicine - Georgia,Duluth,GA,,,left_only
498021,Beal University,Wilton,ME,,,left_only
498058,South College - Indianapolis,Inidianapolis,IN,,,left_only
498067,South College - Orlando,Orlando,FL,,,left_only
498137,"Bard College - New York Public Library, Countee Cullen Branch",New York,NY,,,left_only
498146,Bard College - Bard Globalization and International Affairs Program,New York,NY,,,left_only
498155,Columbia College - Ellsworth AFB,Ellsworth AFB,SD,,,left_only
498164,Columbia College - Denver,Aurora,CO,,,left_only
498173,Columbia College - Whiteman AFB,Whiteman AFB,MO,,,left_only
498182,Columbia College - Grissom ARB,Grissom ARB,IN,,,left_only
498216,NEXUS University,Dania Beach,FL,,,left_only
498252,Fort Collins Bible College,Fort Collins,CO,,,left_only
498261,Minnesota North College - Mesabi Range Eveleth,Eveleth,MN,,,left_only
498270,Compu-Sher Learning Solutions,Southfield,MI,,,left_only
498429,Elevate Salon Institute - Elevate Salon Institute,Utica,MI,,,left_only
498438,Bard College - Albion Correctional Facility,Albion,NY,,,left_only
498465,National Tractor Trailer School,Phoenix,AZ,,,left_only
498492,Ivy Tech Community College of Indiana - Region 6 - Marion,Marion,IN,,,left_only
498508,Ivy Tech Community College of Indiana - Region 1 - Valparaiso,Valparaiso,IN,,,left_only
498517,Ivy Tech Community College of Indiana - Region 11 - Riverfront Campus,Lawrenceburg,IN,,,left_only
498526,Ivy Tech Community College of Indiana - Region 8 - Noblesville,Noblesville,IN,,,left_only
498535,Ivy Tech Community College of Indiana - Anderson,Anderson,IN,,,left_only
498544,UPMC Shadyside - at UPMC Harrisburg,Harrisburg,PA,,,left_only
10236801,,,,Troy University-Phenix City Campus,1.0,right_only
10236802,,,,Troy University-Montgomery Campus,1.0,right_only
10236803,,,,Troy University-Dothan Campus,1.0,right_only
10236808,,,,Troy University-Online,1.0,right_only
10236809,,,,Troy University-Support Sites,1.0,right_only
10415101,,,,Arizona State University-West,1.0,right_only
10415102,,,,Arizona State University-Polytechnic,1.0,right_only
10415103,,,,Arizona State University-Downtown Phoenix,1.0,right_only
10415104,,,,Arizona State University - Tucson,1.0,right_only
10415105,,,,Arizona State University - Lake Havasu,1.0,right_only
10415106,,,,Arizona State University - The Gila Valley,1.0,right_only
10415107,,,,Arizona State University - Yuma,1.0,right_only
10415108,,,,Arizona State University - Pinal,1.0,right_only
10415109,,,,Arizona State University - Cochise,1.0,right_only
10415110,,,,Arizona State University - Yavapai,1.0,right_only
10415111,,,,Arizona State University - Pima,1.0,right_only
10415112,,,,Arizona State University - Washington D.C.,1.0,right_only
10415113,,,,Arizona State University - Northeastern Arizona,1.0,right_only
10415114,,,,Arizona State University - Mesa City Center,1.0,right_only
10635101,,,,Arkansas College of Barbering and Hair Design,3.0,right_only
10704401,,,,Harding School of Theology,2.0,right_only
10722001,,,,Career Academy of Hair Design-Siloam Springs,3.0,right_only
10722002,,,,Career Academy of Hair Design-Rogers,3.0,right_only
10722003,,,,Career Academy of Hair Design-Fayetteville,3.0,right_only
10722004,,,,Career Academy of Hair Design - Fort Smith,3.0,right_only
10772501,,,,University of Arkansas Community College at Hope - Texarkana,1.0,right_only
11046801,,,,Alliant International University-Fresno,3.0,right_only
11046802,,,,Alliant International University-Los Angeles,3.0,right_only
11046803,,,,Alliant International University-San Francisco,3.0,right_only
11046804,,,,Alliant International University-Irvine,3.0,right_only
11046805,,,,Alliant International University-Sacramento,3.0,right_only
11458501,,,,San Jose Campus,3.0,right_only
11577301,,,,Humphreys College-Modesto,2.0,right_only
11643901,,,,IDEA at ATEP,1.0,right_only
11710401,,,,Life Pacific University-Virginia,2.0,right_only
11891201,,,,MiraCosta College - San Elijo Campus,1.0,right_only
11917301,,,,Mount Saint Mary's University - Doheny Campus,2.0,right_only
12240901,,,,San Diego State University-Imperial Valley Campus,1.0,right_only
12265801,,,,San Joaquin General Hospital School of Radiation Technology,1.0,right_only
12293101,,,,Jesuit School of Theology of Santa Clara University,2.0,right_only
12429201,,,,Thomas Aquinas College - New England,2.0,right_only
12509101,,,,Victor Valley Community College - Aviation Technology,1.0,right_only
12601201,,,,Wright Institute (The) -,2.0,right_only
12682703,,,,Colorado Technical University-Denver South,3.0,right_only
12697901,,,,Denver Seminary - Washington DC,2.0,right_only
12777801,,,,Otero College - La Junta High School,1.0,right_only
12915401,,,,Goodwin University - Bridgeport Campus,2.0,right_only
12980802,,,,Three Rivers Community College - York Correctional Institution,1.0,right_only
13017402,,,,Porter and Chester Institute of Enfield,3.0,right_only
13017403,,,,Porter and Chester Institute of Waterbury,3.0,right_only
13017405,,,,Porter and Chester Institute of Worcester,3.0,right_only
13017407,,,,Porter and Chester Institute - New London,3.0,right_only
13017408,,,,Porter and Chester Institute - Brockton,3.0,right_only
13017409,,,,Porter and Chester Institute - Chicopee,3.0,right_only
13090701,,,,Delaware Technical Community College-Owens,1.0,right_only
13090702,,,,Delaware Technical Community College-Stanton/Wilmington,1.0,right_only
13247101,,,,Barry University Law School,2.0,right_only
13508101,,,,Keiser University-Melbourne,2.0,right_only
13508102,,,,Keiser University-Tallahassee,2.0,right_only
13508103,,,,Keiser University-Daytona,2.0,right_only
13508104,,,,Keiser University-Lakeland,2.0,right_only
13508105,,,,Keiser University- Miami,2.0,right_only
13508106,,,,Keiser University-Orlando,2.0,right_only
13508107,,,,Keiser University-Sarasota,2.0,right_only
13508108,,,,Keiser University-Jacksonville,2.0,right_only
13508109,,,,Keiser University-Tampa,2.0,right_only
13508110,,,,Keiser University-Pembroke Pines,2.0,right_only
13508111,,,,Keiser University-Port St Lucie,2.0,right_only
13508112,,,,Keiser University-West Palm Beach,2.0,right_only
13508113,,,,Keiser University-Ft Myers,2.0,right_only
13508114,,,,Keiser University -  Clearwater,2.0,right_only
13508115,,,,Keiser University - New Port Richey,2.0,right_only
13508116,,,,Keiser University - Residential (Flagship),2.0,right_only
13552201,,,,Maynard A. Traviss Technical College - Central Florida Aerospace Academy,1.0,right_only
13682601,,,,Miami Lakes Educational Center and Technical College -,1.0,right_only
13830901,,,,Rasmussen University-Central Pasco,3.0,right_only
13830902,,,,Rasmussen University-Fort Myers,3.0,right_only
13830903,,,,Rasmussen University-Tampa/Brandon,3.0,right_only
13830905,,,,Rasmussen University - Orlando,3.0,right_only
13962101,,,,East Georgia State College - Statesboro,1.0,right_only
13962102,,,,East Georgia State College - Augusta,1.0,right_only
14736901,,,,Moody Theological Seminary and Graduate School--Michigan,2.0,right_only
14736903,,,,Moody Bible Institute - Spokane,2.0,right_only
14953201,,,,Triton College - Intl Union of Operating Engr Local 399 Trning Fac.,1.0,right_only
15085301,,,,PJ's College of Cosmetology- Brownsburg,3.0,right_only
15085303,,,,PJ's College of Cosmetology- Jeffersonville,3.0,right_only
15098701,,,,Ivy Tech Community College-South Bend/Elkhart,1.0,right_only
15098702,,,,Ivy Tech Community College-Columbus,1.0,right_only
15098703,,,,Ivy Tech Community College-Muncie,1.0,right_only
15098704,,,,Ivy Tech Community College-Kokomo,1.0,right_only
15098705,,,,Ivy Tech Community College-Lafayette,1.0,right_only
15098706,,,,Ivy Tech Community College-Fort Wayne,1.0,right_only
15098707,,,,Ivy Tech Community College-Sellersburg,1.0,right_only
15098708,,,,Ivy Tech Community College-Evansville,1.0,right_only
15098709,,,,Ivy Tech Community College-Terre Haute,1.0,right_only
15098710,,,,Ivy Tech Community College-Richmond,1.0,right_only
15098711,,,,Ivy Tech Community College-Lake County,1.0,right_only
15098712,,,,Ivy Tech Community College-Madison,1.0,right_only
15098713,,,,Ivy Tech Community College-Bloomington,1.0,right_only
15098714,,,,Ivy Tech Community College-Indianapolis,1.0,right_only
15098715,,,,Ivy Tech Community College-Marion,1.0,right_only
15098716,,,,Ivy Tech Community College-Valparaiso,1.0,right_only
15098717,,,,Ivy Tech Community College-Lawrenceburg,1.0,right_only
15098718,,,,Ivy Tech Community College-Hamilton County,1.0,right_only
15098719,,,,Ivy Tech Community College-Anderson,1.0,right_only
15208001,,,,University of Notre Dame -,2.0,right_only
15336601,,,,Graceland University - Independence,2.0,right_only
15336602,,,,Graceland University - Trenton,2.0,right_only
15468801,,,,Baker University School of Nursing,2.0,right_only
15492501,,,,Coffeyville Technical Campus,1.0,right_only
15492502,,,,Columbus Technical Campus,1.0,right_only
15535301,,,,Old Town Barber College - KC,3.0,right_only
15631001,,,,PJ's College of Cosmetology- Greenfield,3.0,right_only
15631002,,,,PJ's College of Cosmetology- Muncie,3.0,right_only
15631003,,,,PJ's College of Cosmetology- Indianapolis,3.0,right_only
15631004,,,,PJ's College of Cosmetology- Plainfield,3.0,right_only
15631005,,,,PJ's College of Cosmetology- Louisville,3.0,right_only
16061201,,,,Southeastern Louisiana University - EBR Parish School System Prof Dev,1.0,right_only
16061202,,,,Southeastern Louisiana University - St Amant High School,1.0,right_only
16061203,,,,Southeastern Louisiana University - Destrahan High School,1.0,right_only
16061204,,,,Southeastern Louisiana University - Albert Cammon Middle School,1.0,right_only
16099501,,,,Beal University,3.0,right_only
16125301,,,,University of Maine - Machias,1.0,right_only
16884704,,,,Baker College of Cadillac,2.0,right_only
16884706,,,,Baker College of Jackson,2.0,right_only
16884707,,,,Baker College of Muskegon,2.0,right_only
16908001,,,,Calvin University - Handlon Campus,2.0,right_only
16947903,,,,Davenport University-Warren Location,2.0,right_only
16947904,,,,Davenport University-Kalamazoo Location,2.0,right_only
16947905,,,,Davenport University-Lansing Location,2.0,right_only
16947907,,,,Davenport University-Midland Location,2.0,right_only
16947912,,,,Davenport University-Traverse City Location,2.0,right_only
16947922,,,,Davenport University - Wayne CCCD,2.0,right_only
16947925,,,,Davenport University - Detroit,2.0,right_only
17296301,,,,Anoka-Ramsey Community College-Cambridge Campus,1.0,right_only
17320301,,,,Central Lakes College-Staples Campus,1.0,right_only
17355901,,,,M State - Detroit Lakes Campus,1.0,right_only
17355902,,,,M State - Moorhead Campus,1.0,right_only
17355903,,,,M State - Wadena Campus,1.0,right_only
17373501,,,,Minnesota North College - Itasca,1.0,right_only
17373502,,,,Minnesota North College - Mesabi Range Virginia,1.0,right_only
17373503,,,,Minnesota North College - Mesabi Range Eveleth,1.0,right_only
17373504,,,,Minnesota North College - Rainy River,1.0,right_only
17373505,,,,Minnesota North College - Vermilion,1.0,right_only
17391101,,,,South Central College-Faribault,1.0,right_only
17395701,,,,Mayo Clinic College of Medicine and Science - Florida,2.0,right_only
17395702,,,,Mayo Clinic College of Medicine and Science - Arizona,2.0,right_only
17447301,,,,Northland Community and Technical College - East Grand Forks,1.0,right_only
17501401,,,,Rasmussen University-Bloomington,3.0,right_only
17501402,,,,Rasmussen University-Eagan,3.0,right_only
17501403,,,,Rasmussen University-Mankato,3.0,right_only
17501405,,,,Rasmussen University-Lake Elmo/Woodbury,3.0,right_only
17501406,,,,Rasmussen University-Blaine,3.0,right_only
17526301,,,,Minnesota State CollegeSoutheast-Red Wing Campus,1.0,right_only
17557301,,,,Copiah-Lincoln Community College Simpson County Center,1.0,right_only
17557302,,,,Copiah-Lincoln Community College-Natchez Campus,1.0,right_only
17601701,,,,University of Mississippi Medical Center,1.0,right_only
17623901,,,,Pearl River Community College-Forrest County Campus,1.0,right_only
17706501,,,,Columbia College - Redstone Arsenal,2.0,right_only
17706504,,,,Columbia College - NAS Jacksonville,2.0,right_only
17706505,,,,Columbia College - Orlando,2.0,right_only
17706506,,,,Columbia College - Crystal Lake Campus,2.0,right_only
17706507,,,,Columbia College - Kansas City,2.0,right_only
17706508,,,,Columbia College - Fort Leonard Wood,2.0,right_only
17706509,,,,Columbia College - Jefferson City,2.0,right_only
17706510,,,,Columbia College - Lake Ozark,2.0,right_only
17706511,,,,Columbia College - Saint Louis,2.0,right_only
17706512,,,,Columbia College - Fort Worth,2.0,right_only
17706513,,,,Columbia College - Salt Lake,2.0,right_only
17706514,,,,Columbia College - Lake County,2.0,right_only
17706515,,,,Columbia College - Naval Station Everett/Marysville,2.0,right_only
17706516,,,,Columbia College - Freeport,2.0,right_only
17706517,,,,Columbia College - Springfield,2.0,right_only
17706518,,,,Columbia College - Rolla,2.0,right_only
17706519,,,,Columbia College - Los Alamitos,2.0,right_only
17706523,,,,Columbia College - Fort Stewart,2.0,right_only
17706524,,,,Columbia College - Hunter Army Airfield,2.0,right_only
17706525,,,,Columbia College - Elgin,2.0,right_only
17706527,,,,Columbia College - Whidbey Island,2.0,right_only
17706530,,,,Columbia College - Fort Sill,2.0,right_only
17706532,,,,Columbia College - San Diego,2.0,right_only
17706533,,,,Columbia College - Mesquite,2.0,right_only
17706534,,,,Columbia College - Waynesville,2.0,right_only
17706535,,,,Columbia College - Naval Base San Diego,2.0,right_only
17706536,,,,Columbia College - Imperial,2.0,right_only
17706537,,,,Columbia College - NSB Kings Bay,2.0,right_only
17706542,,,,Columbia College - Fort Leonard Wood 58th Trans BN,2.0,right_only
17706544,,,,Columbia College - Tavares PD,2.0,right_only
17706546,,,,Columbia College - Denver,2.0,right_only
17706547,,,,Columbia College - Whiteman AFB,2.0,right_only
18017901,,,,City College Montana State University Billings,1.0,right_only
18303501,,,,New Hampshire Institute for Therapeutic Arts,3.0,right_only
18409201,,,,American Institute,3.0,right_only
18557201,,,,Monmouth University -  Monmouth Park Corporate Center,2.0,right_only
18908801,,,,Bard College - Holyoke Microcollege,2.0,right_only
18908802,,,,Bard College - Coxsackie Correctional Facility,2.0,right_only
18908803,,,,Bard College - Eastern NY Correctional Facility,2.0,right_only
18908804,,,,Bard College - Fishkill Correctional Facility,2.0,right_only
18908805,,,,Bard College - Green Haven Correctional Facility,2.0,right_only
18908806,,,,Bard College - Taconic Correctional Facility,2.0,right_only
18908807,,,,Bard College - Woodbourne Correctional Facility,2.0,right_only
18908808,,,,Bard College - BHSEC Newark,2.0,right_only
18908809,,,,Bard College - Brooklyn Public Library,2.0,right_only
18908811,,,,Bard College - New York Public Library Countee Cullen Branch,2.0,right_only
18908812,,,,Bard College - Bard Globalization and International Affairs Program,2.0,right_only
18908814,,,,Bard College - Albion Correctional Facility,2.0,right_only
18956501,,,,Bryant & Stratton College-Syracuse,2.0,right_only
18958301,,,,Bryant & Stratton College-Amherst,2.0,right_only
18958302,,,,Bryant & Stratton College-Southtowns,2.0,right_only
18959201,,,,Bryant & Stratton College-Henrietta,2.0,right_only
19004401,,,,Clarkson University Capital Region Campus,2.0,right_only
19050301,,,,Culinary Institute of America at Greystone,2.0,right_only
19050302,,,,Culinary Institute of America San Antonio,2.0,right_only
19054901,,,,CUNY Brooklyn College - Feirstein Graduate School of Cinema,1.0,right_only
19200401,,,,Jamestown Business College -,3.0,right_only
19385801,,,,NYSMedical&Dental Assistants - American Institute of Clinical Massage,3.0,right_only
19457801,,,,Pratt Manhattan-A Division of Pratt Institute,2.0,right_only
19476301,,,,Rabbinical Seminary of America-Ma'yan HaTorah,2.0,right_only
19580901,,,,Saint John's University - Staten Island Campus,2.0,right_only
19857001,,,,Gaston College,1.0,right_only
19998001,,,,Winston - Salem Barber School - Satellite,3.0,right_only
20146901,,,,Bryant & Stratton College-Akron,2.0,right_only
20146902,,,,Bryant & Stratton College-Solon,2.0,right_only
20306701,,,,Hebrew Union College-Jewish Institute of Religion-Cincinnati,2.0,right_only
20306702,,,,Hebrew Union College-Jewish Institute of Religion-Los Angeles,2.0,right_only
20354401,,,,Kettering College - Ollie Davis Medical Arts and Education Center,2.0,right_only
20417601,,,,Mount Carmel College of Nursing - Fairfield,2.0,right_only
21036801,,,,Western Seminary-San Jose,2.0,right_only
21036802,,,,Western Seminary-Sacramento,2.0,right_only
21078401,,,,The Beauty Institute,3.0,right_only
21130701,,,,Bucks County Community College-Upper Bucks Campus,1.0,right_only
21130702,,,,Bucks County Community College-Gene and Marlene Epstein Campus at Lower Bucks,1.0,right_only
21287801,,,,Harrisburg Area Community College-Lancaster,1.0,right_only
21287802,,,,Harrisburg Area Community College-Gettysburg,1.0,right_only
21287803,,,,Harrisburg Area Community College-Lebanon,1.0,right_only
21287804,,,,Harrisburg Area Community College-York,1.0,right_only
21316301,,,,UPMC Jameson School of Nursing - UPMC Hamot,2.0,right_only
21429001,,,,New Castle School of Trades,3.0,right_only
21429002,,,,New Castle School of Trades - East Liverpool Campus,3.0,right_only
21437901,,,,Northampton County Area Community College-Monroe,1.0,right_only
21597401,,,,UPMC Shadyside - at UPMC Harrisburg,2.0,right_only
21608301,,,,South Hills School of Business and Technology-Altoona,3.0,right_only
22055202,,,,South College-Asheville,3.0,right_only
22055203,,,,South College-Nashville,3.0,right_only
22055204,,,,South College-Atlanta,3.0,right_only
22055205,,,,South College - Indianapolis,3.0,right_only
22055206,,,,South College - Orlando,3.0,right_only
22300101,,,,Austin Presbyterian Theological Seminary- YMCA Outdoor Center,2.0,right_only
22557501,,,,Huston - Tillotson University - Center for Entrepreneurship and Innova,2.0,right_only
22797901,,,,San Jacinto College-North Campus,1.0,right_only
22797902,,,,San Jacinto College-South Campus,1.0,right_only
22797903,,,,San Jacinto Community College District - Generation Park Campus,1.0,right_only
22872301,,,,Texas A & M University Health Science Center,1.0,right_only
23059701,,,,Snow College-Richfield Campus,1.0,right_only
23091302,,,,Northern Vermont University - Lyndon,1.0,right_only
23155401,,,,Bluefield College - Edward Via College of Osteopathic Medicine,2.0,right_only
23178501,,,,Bryant & Stratton College-Richmond,2.0,right_only
23178502,,,,Bryant & Stratton College-Hampton,2.0,right_only
23291901,,,,Tidewater Tech - Priority Automotive Tidewater Tech Learning Center,3.0,right_only
23368401,,,,Strayer University-Alexandria Campus,3.0,right_only
23368410,,,,Strayer University-Newport News Campus,3.0,right_only
23368411,,,,Strayer University-Virginia Beach Campus,3.0,right_only
23384201,,,,Union Presbyterian Seminary-Charlotte,2.0,right_only
23661002,,,,Shoreline Community College - Dental Hygiene,1.0,right_only
23693901,,,,Washington State University-Vancouver,1.0,right_only
23693902,,,,Washington State University-Spokane,1.0,right_only
23693903,,,,Washington State University-Tri Cities,1.0,right_only
23693904,,,,Washington State University - Everett Campus,1.0,right_only
24297201,,,,NUC University - Arecibo,3.0,right_only
24297202,,,,NUC University - Rio Grande,3.0,right_only
24297203,,,,NUC University - Ponce,3.0,right_only
24297204,,,,NUC University - Caguas,3.0,right_only
24297205,,,,NUC University - Mayaguez,3.0,right_only
24297206,,,,NUC University - South Florida,3.0,right_only
24297207,,,,NUC University - Florida Technical College - Lakeland,3.0,right_only
24297208,,,,NUC University - Florida Technical College - Deland,3.0,right_only
24297209,,,,NUC University - Florida Technical College - Kissimmee,3.0,right_only
24297210,,,,NUC University - Florida Technical College - Pembroke Pines,3.0,right_only
24297211,,,,NUC University - Florida Technical College - Cutler Bay,3.0,right_only
24297212,,,,NUC University - IBC Technical Division - Ponce,3.0,right_only
24297213,,,,NUC University - IBC Technical Division - Mayaguez,3.0,right_only
24297214,,,,NUC University - IBC Technical Division - Guayama,3.0,right_only
24297215,,,,NUC University - IBC Technical Division - Fajardo,3.0,right_only
24297216,,,,NUC University - IBC Technical Division - Manati,3.0,right_only
24297217,,,,NUC University - IBC Technical Division - Los Colobos,3.0,right_only
24297218,,,,NUC University - IBC Technical Division - Moca,3.0,right_only
24297219,,,,NUC University - IBC Technical Division - Aguadilla,3.0,right_only
24297220,,,,NUC University - IBC Technical Division - Caguas,3.0,right_only
24297221,,,,NUC University - IBC Technical Division - Arecibo,3.0,right_only
24297222,,,,NUC University - IBC Technical Division - Escorial,3.0,right_only
24297223,,,,NUC University - IBC Technical Division - Bayamon,3.0,right_only
24297224,,,,NUC University - IBC Technical Division - Yauco,3.0,right_only
24297225,,,,NUC University - Florida Technical College - Orlando,3.0,right_only
24297226,,,,NUC University - Florida Technical College - Tampa,3.0,right_only
24366501,,,,University of the Virgin Islands-Albert A. Sheen,1.0,right_only
24378001,,,,Purdue University - Purdue Polytechnic Anderson,1.0,right_only
24378002,,,,Purdue University - Purdue Polytechnic Indianapolis,1.0,right_only
24378003,,,,Purdue University - Purdue Polytechnic South Bend,1.0,right_only
24378004,,,,Purdue University - Purdue Polytechnic New Albany,1.0,right_only
24378006,,,,Purdue University - Purdue Polytechnic Columbus,1.0,right_only
24378007,,,,Purdue University - Purdue Polytechnic Kokomo,1.0,right_only
24378008,,,,Purdue University - Purdue Polytechnic Richmond,1.0,right_only
24378009,,,,Purdue University - Purdue Polytechnic Lafayette,1.0,right_only
24378010,,,,Purdue University - Purdue Polytechnic Vincennes,1.0,right_only
24378011,,,,Purdue University - Westgate Academy,1.0,right_only
24893401,,,,ECPI University-Newport News,3.0,right_only
24893402,,,,ECPI University-Greensboro,3.0,right_only
24893403,,,,ECPI University-Charlotte,3.0,right_only
24893404,,,,ECPI University-Greenville,3.0,right_only
24893405,,,,ECPI University-Manassas,3.0,right_only
24893406,,,,ECPI University-Charleston,3.0,right_only
24893407,,,,ECPI University-Raleigh,3.0,right_only
24893408,,,,ECPI University-Columbia,3.0,right_only
24893410,,,,ECPI University-Culinary Institute of Virginia,3.0,right_only
24893411,,,,ECPI University-Virginia Beach Health Sciences,3.0,right_only
24893412,,,,ECPI University-Richmond South,3.0,right_only
24893413,,,,ECPI University-Innsbrook,3.0,right_only
24893414,,,,ECPI University-Richmond West,3.0,right_only
24893415,,,,ECPI University - Roanoke,3.0,right_only
24893416,,,,ECPI University - Orlando,3.0,right_only
24893418,,,,ECPI University - San Antonio,3.0,right_only
36662301,,,,Northwest Technology Center-Fairview,1.0,right_only
37369601,,,,Rob Roy Academy - Woonsocket,3.0,right_only
37727201,,,,Nuvani Institute-Uvalde,3.0,right_only
37728101,,,,Nuvani Institute-Del Rio,3.0,right_only
37728103,,,,Nuvani Institute-South Campus,3.0,right_only
38561901,,,,Everglades University-Orlando,2.0,right_only
38561902,,,,Everglades University-Sarasota,2.0,right_only
38561903,,,,Everglades University - Tampa,2.0,right_only
38561904,,,,Everglades University - Miami,2.0,right_only
40884401,,,,Florida National University-South Campus,3.0,right_only
40884402,,,,Florida National University Training Center,3.0,right_only
41829601,,,,Indian Capital Technology Center-Sallisaw,1.0,right_only
41829602,,,,Indian Capital Technology Center-Stilwell,1.0,right_only
41829603,,,,Indian Capital Technology Center-Tahlequah,1.0,right_only
41918301,,,,Central California School of Continuing Education -,3.0,right_only
42312001,,,,Compu-Med Vocational Careers Corp,3.0,right_only
42799101,,,,Osceola Technical College - St. Cloud Campus,1.0,right_only
42799102,,,,Osceola Technical College - Poinciana Campus,1.0,right_only
42817001,,,,Southeastern College-Miami Lakes,3.0,right_only
43018403,,,,Strayer University-White Marsh Campus,3.0,right_only
43482101,,,,Blue Cliff College,3.0,right_only
44098901,,,,Texas Barber College - Branch Campus #1,3.0,right_only
44098902,,,,Texas Barber College - Branch Campus #2,3.0,right_only
44098904,,,,Texas Barber College - Branch Campus #5,3.0,right_only
44376602,,,,Strayer University-Shelby Oaks Campus,3.0,right_only
44378403,,,,Strayer University-Center City Campus,3.0,right_only
44473201,,,,Leston College -,3.0,right_only
44652501,,,,SAE Institute of Technology-New York,3.0,right_only
44652502,,,,SAE Institute of Technology-Atlanta,3.0,right_only
44652503,,,,SAE Institute of Technology-Miami,3.0,right_only
44652504,,,,SAE Institute of Technology-Chicago,3.0,right_only
44784701,,,,Aviator College of Aeronautical Science & Technology -  Kissimmee,3.0,right_only
44867301,,,,Rasmussen University-Aurora,3.0,right_only
44867302,,,,Rasmussen University-Romeoville/Joliet,3.0,right_only
44867303,,,,Rasmussen University-Mokena/Tinley Park,3.0,right_only
44946301,,,,Academy Di Capelli -,3.0,right_only
44970001,,,,Dayton School of Medical Massage-Lima,3.0,right_only
44970002,,,,Cincinnati School of Medical Massage,3.0,right_only
44970003,,,,Cleveland Institute of Medical Massage,3.0,right_only
44970004,,,,Columbus School of Medical Massage,3.0,right_only
45057102,,,,Rasmussen University-Wausau,3.0,right_only
45098801,,,,Coastline Beauty College - Hemet,3.0,right_only
45128201,,,,Elevate Salon Institute - Elevate Salon Institute,3.0,right_only
45133401,,,,Academy of Hair Design - Austin,3.0,right_only
45175001,,,,Bryant & Stratton College-Bayshore,2.0,right_only
45175002,,,,Bryant & Stratton College-Racine,2.0,right_only
45486501,,,,Cambridge College of Healthcare & Technology,3.0,right_only
45491701,,,,Celebrity School of Beauty - Hialeah,3.0,right_only
45519601,,,,Jersey College,3.0,right_only
45519602,,,,Jersey College,3.0,right_only
45519603,,,,Jersey College,3.0,right_only
45519604,,,,Jersey College,3.0,right_only
45519605,,,,Jersey College,3.0,right_only
45519606,,,,Jersey College,3.0,right_only
45519607,,,,Jersey College - Fort Wayne,3.0,right_only
45519608,,,,Jersey College - Brooksville,3.0,right_only
45519609,,,,Jersey College - Naples,3.0,right_only
45538101,,,,Utah County Campus,3.0,right_only
45763301,,,,L'esprit Academy - Royal Oak,3.0,right_only
45891901,,,,Strayer University-Cobb Campus,3.0,right_only
45891902,,,,Strayer University-Morrow Campus,3.0,right_only
45891905,,,,Strayer University-Lithonia Campus,3.0,right_only
45891907,,,,Strayer University-Augusta Campus,3.0,right_only
45897303,,,,Strayer University-Northwest Houston,3.0,right_only
45897306,,,,Strayer University-North Dallas,3.0,right_only
45920401,,,,Unitek College,3.0,right_only
46182901,,,,Cinta Aveda Institute - San Jose,3.0,right_only
47503301,,,,Relay Graduate School of Education - Newark,2.0,right_only
47503302,,,,Relay Graduate School of Education - New Orleans,2.0,right_only
47503303,,,,Relay Graduate School of Education - Delaware,2.0,right_only
47503304,,,,Relay Graduate School of Education - Memphis,2.0,right_only
47503305,,,,Relay Graduate School of Education - Houston,2.0,right_only
47503306,,,,Relay Graduate School of Education - Chicago,2.0,right_only
47503307,,,,Relay Graduate School of Education - Baton Rouge,2.0,right_only
47503308,,,,Relay Graduate School of Education - Philadelphia & Camden,2.0,right_only
47503309,,,,Relay Graduate School of Education - Denver,2.0,right_only
47503310,,,,Relay Graduate School of Education - Nashville,2.0,right_only
47503311,,,,Relay Graduate School of Education - San Antonio,2.0,right_only
47503312,,,,Relay Graduate School of Education - Dallas-Fort Worth,2.0,right_only
47503313,,,,Relay Graduate School of Education - Washington D.C,2.0,right_only
47503314,,,,Relay Graduate School of Education - Atlanta,2.0,right_only
47503315,,,,Relay Graduate School of Education - California,2.0,right_only
47503316,,,,Relay Graduate School of Education - Indiana,2.0,right_only
47503317,,,,Relay Graduate School of Education - Connecticut,2.0,right_only
47662901,,,,Salon Institute - Columbus Campus,3.0,right_only
48065701,,,,Rasmussen University - Overland Park,3.0,right_only
48079001,,,,Rocky Vista University - Southern Utah,3.0,right_only
48092101,,,,Designer Barber & Stylist School -,3.0,right_only
48133101,,,,Sharp Edgez Barber Institute - Buffalo,3.0,right_only
48152601,,,,Chrysm Institute of Esthetics (The) - Hampton,3.0,right_only
48224601,,,,Lynnes Welding Training - Ramsey,3.0,right_only
48224602,,,,Lynnes Welding Training-Bismarck,3.0,right_only
48325801,,,,Networks Barber College,3.0,right_only
48379901,,,,East-West Healing Arts Institute - Milwaukee,3.0,right_only
48385001,,,,Alliance Computing Solutions - NYC,3.0,right_only
48387801,,,,Bay Area Medical Academy - San Jose Satellite Location,3.0,right_only
48400201,,,,High Desert Medical College - Bakerfield,3.0,right_only
48400202,,,,High Desert Medical College - Temecula,3.0,right_only
48486201,,,,University of West Los Angeles - Chatsworth,3.0,right_only
48511101,,,,Georgia Military College - Zebulon,1.0,right_only
48511103,,,,Georgia Military College - Valdosta,1.0,right_only
48511104,,,,Georgia Military College - Augusta,1.0,right_only
48511105,,,,Georgia Military College - Fairburn,1.0,right_only
48511106,,,,Georgia Military College - Robins,1.0,right_only
48511107,,,,Georgia Military College - Columbus,1.0,right_only
48511109,,,,Georgia Military College - Madison,1.0,right_only
48511110,,,,Georgia Military College - Stone Mountain,1.0,right_only
48511111,,,,Georgia Military College - Fayetteville,1.0,right_only
48511112,,,,Georgia Military College - Dublin,1.0,right_only
48616901,,,,American College of Barbering - Florence,3.0,right_only
48839601,,,,Phipps Academy of Barbering - Bradley,3.0,right_only
49005401,,,,HCI College - Fort Lauderdale Campus,3.0,right_only
49010601,,,,Virginia University of Integrative Medicine - New Jersey,2.0,right_only
49010602,,,,Virginia University of Integrative Medicine - Georgia,2.0,right_only
49146401,,,,ABC Adult School - Cabrillo Lane,1.0,right_only
49175601,,,,Urban Barber College - San Jose,3.0,right_only
49178301,,,,Wilton Simpson Technical College,1.0,right_only
49425001,,,,Valley College - Fairlawn - School of Nursing,3.0,right_only
49501301,,,,Western Maricopa Education Center - Southwest Campus,1.0,right_only
49501302,,,,Western Maricopa Education Center - Northeast Campus,1.0,right_only
49664501,,,,Burlington County Institute of Technology - Adult Education -,1.0,right_only
